Site Name;State Terr;Oper Stat;
Allen Stagefield AL;Alabama;Active;
Louisville Stagefield AL;Alabama;Active;
MCB Camp Smith;Hawaii;Active;
MC Trng Area Bellows;Hawaii;Active;
Glenview;Illinois;Active;
ALF Orange;Texas;Active;
Saylor Creek Air Force Range;Idaho;Active;
Laughlin AFB;Texas;Active;
Buckley AFB;Colorado;Active;
Columbus Auxiliary Airfield;Mississippi;Active;
Goodfellow AFB;Texas;Active;
Birch Lake Recreation Annex;Alaska;Active;
Louisville IAP-Standiford FL Site 1;Kentucky;Active;
Kelly AFB;Texas;Active;
NG Camp Joseph T Robinson;Arkansas;Active;
NG Camp Ashland;Nebraska;Active;
NG GUARNG Barrigada Complex;Guam;Active;
NG Volkstone;West Virginia;Active;
NAVBASE Coronado;California;Active;
Finegayan South;Guam;Active;
Grand Forks Defense Fuel Support Point;North Dakota;Active;
Jim Creek;Washington;Active;
Waianae Kai Military Reservation;Hawaii;Active;
Picatinny Arsenal;New Jersey;Active;
Arlington Service Ctr;Virginia;Active;
CBC Gulfport MS;Mississippi;Active;
UTTR - North;Utah;Active;
March ARB;California;Active;
Newington Defense Fuel Support Point;New Hampshire;Active;
Gila Bend Air Force Auxiliary Field;Arizona;Active;
Lakehurst;New Jersey;Active;
Randolph AFB;Texas;Active;
NG Macon Readiness Center;Georgia;Active;
NG MTA Camp Butner;North Carolina;Active;
NG MTA Camp Rilea;Oregon;Active;
NG Frankfort Boone NG Center;Kentucky;Active;
Makaha Ridge;Hawaii;Active;
NOLF Wolf;Alabama;Active;
NAVSUPPACT Annapolis;Maryland;Active;
Jonathan Dickinson Tracking Annex;Florida;Active;
Fort Gordon;Georgia;Active;
NAVSUPPACT Norfolk NSY;Virginia;Active;
Lafayette Rvr Complex;Virginia;Active;
Eglin Air Force Auxiliary Field 3 Duke Fld;Florida;Active;
Wright-Patt AFB;Ohio;Active;
Lackland AFB;Texas;Active;
NG Sparta Armory;Illinois;Active;
NG MTA Camp Crowder Neosho;Missouri;Active;
NG Hollidaysburg Readiness Center;Pennsylvania;Active;
NG Camp Beauregard;Louisiana;Active;
NG Helena Aviation RC- AASF- C12;Montana;Active;
NG Lansing Joint Forces Readiness Center;Michigan;Active;
NG Camp Perry Joint Training Center;Ohio;Active;
NG Oklahoma Military Department;Oklahoma;Active;
NG Salina KS Training Center;Kansas;Active;
NAVOBSSTA Flagstaff AZ;Arizona;Active;
Target B-16;Nevada;Active;
Barin Field;Alabama;Active;
Old Town Site 1;California;Active;
Broadway Complex;California;Active;
Mission Gorge Rec Area;California;Active;
McGuire;New Jersey;Active;
Northside Mid-South;Tennessee;Active;
NSWC Carderock Div;Tennessee;Active;
Umatilla Chemical Depot;Oregon;Active;
Defense Supply Center Columbus;Ohio;Active;
US Army Garrison Selfridge;Michigan;Active;
Pupukea Paalaa Uka Mil Road;Hawaii;Active;
Marine Corps Museum;Virginia;Active;
Det Phil Pny Annex;Pennsylvania;Active;
Sasa Valley;Guam;Active;
Utah Test and Training Range South UT;Utah;Active;
Hill AFB;Utah;Active;
Youngstown;Ohio;Active;
Travis AFB;California;Active;
The Farish Memorial Recreational Annex;Colorado;Active;
Grissom ARB;Indiana;Active;
Pillar Point AFS;California;Active;
Maxwell AFB;Alabama;Active;
Eielson AFB;Alaska;Active;
Francis S Gabreski Airport;New York;Active;
Quonset State Airport;Rhode Island;Active;
NG Beightler Armory;Ohio;Active;
NG Elkins AFRC;West Virginia;Active;
NG Anthony Cometa Complex;Nevada;Active;
NG TS Camp Johnson;Vermont;Active;
Amphib Base Coronado East;California;Active;
Warner Springs Rts;California;Active;
Carlisle Barracks;Pennsylvania;Active;
Peterson AFB;Colorado;Active;
Tooele Army Depot;Utah;Active;
Pueblo Chemical Depot;Colorado;Active;
NTC and Fort Irwin;California;Active;
Lake City AAP;Missouri;Active;
MCLB Barstow;California;Active;
NAS Oceana VA;Virginia;Active;
Tenjo Vista;Guam;Active;
Offut AFB;Nebraska;Active;
Cavalier Asn;North Dakota;Active;
New Boston Air Station;New Hampshire;Active;
Portland IAP ANG;Oregon;Active;
NG Camp Gruber;Oklahoma;Active;
NG Mead TS/FMS 06/Utes 02;Nebraska;Active;
NG Silver Bell Army Heliport;Arizona;Active;
NG Camp Villere;Louisiana;Active;
NG New Castle Readiness Center/FMS 9;Pennsylvania;Active;
NG Saginaw;Texas;Active;
NG Bremerton;Washington;Active;
Target B-17;Nevada;Active;
Camp Morena;California;Active;
Presidio of Monterey;California;Active;
Fort Buchanan;Puerto Rico;Active;
Fire Fighters School;Virginia;Active;
Magazine Reservoir Naval Magazine;Guam;Active;
Arnold;Tennessee;Active;
Poinsett Range;South Carolina;Active;
Whiteman AFB;Missouri;Active;
Niagara Falls;New York;Active;
Cusick Survival Training Site;Washington;Active;
Truax ANGB;Wisconsin;Active;
Ellington Field;Texas;Active;
Lincoln Map;Nebraska;Active;
JBSA Sam Houston;Texas;Active;
NG McConnelsville Training Site;Ohio;Active;
NG St Cloud AASF;Minnesota;Active;
NG Camp Pendleton SMR;Virginia;Active;
NG Jackson Airport Armory;Tennessee;Active;
ALF Cabaniss;Texas;Active;
San Nicolas Island;California;Active;
NAS Whiting Field Milton FL;Florida;Active;
Fort Campbell TN;Tennessee;Active;
Fort McCoy;Wisconsin;Active;
Fort Lesley J McNair;District of Columbia;Active;
Helemano Military Reservation;Hawaii;Active;
USA Field Station Kunia;Hawaii;Active;
St Juliens Creek East;Virginia;Active;
Elizabeth Rvr Channel;Virginia;Active;
Naval Support Activity Wash;District of Columbia;Active;
Nellis Annex;Nevada;Active;
JB Andrews;Maryland;Active;
Schriever AFB;Colorado;Active;
Charleston Defense Fuel Support Point;South Carolina;Active;
Joint Base Charleston Short Stay;South Carolina;Active;
Maxwell AFB Gunter Annex;Alabama;Active;
Alpena County Regional Airport;Michigan;Active;
Forbes Field ANG;Kansas;Active;
Kingsley Field Cantonement Site 1;Oregon;Active;
Nashville IAP;Tennessee;Active;
NG Fort Worth - Shoreview;Texas;Active;
NG MTA Ft Wm Henry Harrison;Montana;Active;
NG Ayer;Massachusetts;Active;
NG Macon TS;Missouri;Active;
NG Johnson City Gray;Tennessee;Active;
NG Muskogee AFRC;Oklahoma;Active;
NOLF Choctaw;Florida;Active;
NOLF Evergreen;Alabama;Active;
Air Force Plant 6;Georgia;Active;
Subase Kings Bay GA;Georgia;Active;
NAS Fallon NV;Nevada;Active;
Kawaihae Mil Reserve;Hawaii;Active;
Naval Magazine;Guam;Active;
Tinker AFB;Oklahoma;Active;
Ellsworth AFB Site 2;South Dakota;Active;
Homestead ARB;Florida;Active;
Lackland Training Annex;Texas;Active;
Yukon Weapons Range;Alaska;Active;
Jacksonville IAP;Florida;Active;
Site 1 Cantonement Area;Ohio;Active;
Martin State Airport;Maryland;Active;
Salt Lake City IAP;Utah;Active;
NG Carville Gillis Long Center;Louisiana;Active;
NG Springfield AVCRAD (New);Missouri;Active;
NG Alcantra Armory Complex;Alaska;Active;
NG Camp Adair Corvallis;Oregon;Active;
NG Kalaeloa;Hawaii;Active;
Aiea;Hawaii;Active;
Ewa;Hawaii;Active;
Sewage Evaporation Pond;California;Active;
Moody AFB;Georgia;Active;
Tac X Stagefield AL;Alabama;Active;
Hunter Army Airfield;Georgia;Active;
Apra Heights;Guam;Active;
Andy South;Guam;Active;
Marysville WA;Washington;Active;
Laughlin AFB Aux 1;Texas;Active;
Luke Waste Annex;Arizona;Active;
Great Falls IAP;Montana;Active;
Hector IAP;North Dakota;Active;
Stewart IAP;New York;Active;
Burlington IAP;Vermont;Active;
Canyon Lake Recreation Annex;Texas;Active;
NG Fort Wolters;Texas;Active;
NG Beauregard Training Range;Louisiana;Active;
NG ITC Camp San Luis Obisbo;California;Active;
NG Gulfport AVCRAD;Mississippi;Active;
NG Camp Swift;Texas;Active;
JBAB Anacostia Bolling;District of Columbia;Active;
Honolulu;Hawaii;Active;
NAS JRB New Orleans LA;Louisiana;Active;
NOLF Spencer;Florida;Active;
NOTU Cape Canaveral;Florida;Active;
NAVWPNSYSTRAFAC Boardman;Oregon;Active;
NAVSTA Everett WA;Washington;Active;
NAS Whidbey Island WA;Washington;Active;
Fort Carson;Colorado;Active;
Radford AAP;Virginia;Active;
Pearl City Annex;Hawaii;Active;
Yorktown Fuel Depot;Virginia;Active;
Waterfront;New Jersey;Active;
Westover ARB;Massachusetts;Active;
Cheyenne Regional Airport;Wyoming;Active;
Fort Smith Map;Arkansas;Active;
Memphis IAP;Tennessee;Active;
Springfield Beckley;Ohio;Active;
Birmingham Airport;Alabama;Active;
NG Camp Navajo;Arizona;Active;
NG HMO3 (Snake Creek TS);Florida;Active;
NG CTC Fort Custer Trng Center;Michigan;Active;
NG West Camp;South Dakota;Active;
Naval Hospital;Guam;Active;
Brooks AFB;Texas;Active;
Dover AFB;Delaware;Active;
Tobyhanna Army Depot;Pennsylvania;Active;
MCAS Yuma;Arizona;Active;
NNSY St Helena;Virginia;Active;
GL Camp JPJ;Illinois;Active;
Corry Station;Florida;Active;
Clear Air Force Station;Alaska;Active;
Joe Foss Field;South Dakota;Active;
Des Moines IAP;Iowa;Active;
EWVRA Shepherd Field;West Virginia;Active;
NG Camp Hartell;Connecticut;Active;
NG Martindale - AASF;Texas;Active;
NG Marseilles (MTA Tng Area);Illinois;Active;
NG Hollis Plains Training Site;Maine;Active;
NG Thunderbird Youth Academy;Oklahoma;Active;
NG Fort McClellan ARNG Tng Center;Alabama;Active;
NG CTA Camp Mccain;Mississippi;Active;
NG Camp Smith Tng Site;New York;Active;
Harmon;Guam;Active;
NSA Andersen;Guam;Active;
Dania Beach (Lauderdale);Florida;Active;
Parks Reserve Forces Tng Area;California;Active;
Highbluff Stagefield AL;Alabama;Active;
Kilauea Mil Reserve;Hawaii;Active;
W Silver Spring Complex;Wisconsin;Active;
Defense Distrib Depot Susq;Pennsylvania;Active;
Fort Detrick;Maryland;Active;
Devens Reserve Forces Tng Area;Massachusetts;Active;
Gould Island RI;Rhode Island;Active;
Saufley Field;Florida;Active;
Dyess AFB;Texas;Active;
Vance AFB;Oklahoma;Active;
Sioux Gateway Airport (ANG);Iowa;Active;
General Wayne A Downing Peoria IAP;Illinois;Active;
NG Camp Fogarty Tng Site;Rhode Island;Active;
NG Bergstrom - (Abia);Texas;Active;
NG Biak Training Center COUTES;Oregon;Active;
NG Nashville;Tennessee;Active;
NG Papago Military Reservation;Arizona;Active;
NG Indianapolis 38 ID;Indiana;Active;
NG CTC Camp Dawson-Kingwood;West Virginia;Active;
NOLF Brewton;Alabama;Active;
Amphib Base Coronado West;California;Active;
Balboa Hospital;California;Active;
NAVWPNSTA Seal Beach;California;Active;
Norco;California;Active;
Randsburg Wash Area;California;Active;
Verona Defense Fuel Support Point;New York;Active;
F E Warren AFB;Wyoming;Active;
NARL Barrow Camp Tr1;Alaska;Active;
Sioux Gateway Airport (ANG);Iowa;Active;
Shell Basefield AL;Alabama;Active;
Fort George G Meade;Maryland;Active;
Scranton AAP;Pennsylvania;Active;
Watervliet Arsenal;New York;Active;
MCLB Albany;Georgia;Active;
Former NTC;California;Active;
NSA Saratoga Springs NY;New York;Active;
Pentagon Building Site;Virginia;Active;
Fresno Yosemite International ANG;California;Active;
St Louis Air Force Station;Missouri;Active;
NG Rickenbacker (MTA);Ohio;Active;
NG Camp Withycombe Clackamas;Oregon;Active;
NG TS AFRC Los Alamitos;California;Active;
NG MTA Limestone Hills;Montana;Active;
NG Kansas;Kansas;Active;
Waipahu;Hawaii;Active;
Dredgers Key-Sigsbee;Florida;Active;
NAVBASE San Diego CA;California;Active;
Haarp Research Station;Alaska;Active;
Us Army Joint Sys Mfg CtrLima;Ohio;Active;
Grand Prairie Reserve Complex;Texas;Active;
NAVSTA Norfolk VA;Virginia;Active;
Webster Field;Maryland;Active;
Dobbins ARB;Georgia;Active;
Columbus AFB;Mississippi;Active;
Bangor IAP;Maine;Active;
McGhee Tyson Airport;Tennessee;Active;
Gen Mitchell IAP;Wisconsin;Active;
W K Kellogg;Michigan;Active;
NG Jackson Bks;Louisiana;Active;
NG Shelbyville;Indiana;Active;
NG Camp Ravenna Joint Military Training Center;Ohio;Active;
NG Rochester NGA and OMS 2;Minnesota;Active;
NG Youngstown Tng Site;New York;Active;
NG Ethan Allen AFB MTA;Vermont;Active;
NG Camp Rapid;South Dakota;Active;
Kamokala Ridge;Hawaii;Active;
JBPHH Pearl Harbor HI;Hawaii;Active;
Vieques West PR;Puerto Rico;Active;
Trumbo Point Annex;Florida;Active;
Santa Cruz Island;California;Active;
Tumon Tank Farm;Guam;Active;
Lake Of The Ozarks Recreation;Missouri;Active;
OLF Atlantic;North Carolina;Active;
Sea Plane Base;Washington;Active;
Kegelman Air Force Auxiliary Field;Oklahoma;Active;
Pittsburgh IAP (ANG);Pennsylvania;Active;
Smoky Hill ANG Range;Kansas;Active;
Seguin Auxiliary Field;Texas;Active;
NG Orchard Combat Training Center;Idaho;Active;
NG Raleigh;North Carolina;Active;
NG TS Ike Skelton Jefferson City;Missouri;Active;
NG Grand Island AASF/RC;Nebraska;Active;
NG Lawrenceville;New Jersey;Active;
Silver Strand South;California;Active;
Wahiawa;Hawaii;Active;
Dandan;Guam;Active;
SPAWARS South;California;Active;
Rome Laboratory;New York;Active;
Aberdeen Proving Ground;Maryland;Active;
Brown 4b Stagefield AL;Alabama;Active;
Toth Stagefield AL;Alabama;Active;
Fort Hamilton;New York;Active;
Naval Weapons Station Earle NJ;New Jersey;Active;
NAVSUPPACT Hampton Roads VA;Virginia;Active;
Det Philadelphia PA;Pennsylvania;Active;
NAS Meridian MS;Mississippi;Active;
NAVSUPPACT Midsouth Memphis TN;Tennessee;Active;
Bradley IAP;Connecticut;Active;
New Castle Airport;Delaware;Active;
Pease ANGB;New Hampshire;Active;
Savannah/Hilton Head IAP;Georgia;Active;
MacDill AFB;Florida;Active;
NG TS Clark Natl Forest Wapp;Missouri;Active;
NG Rosemount NG Armory;Minnesota;Active;
Holtville Carrier LS;California;Active;
West Bank;Louisiana;Active;
NOLF Summerdale;Alabama;Active;
Santa Rosa Parcel B;Guam;Active;
Sheppard AFB;Texas;Active;
OLF Coupeville;Washington;Active;
Mountain Home AFB;Idaho;Active;
Beale AFB;California;Active;
Fort Campbell KY;Kentucky;Active;
Rock Island Arsenal;Illinois;Active;
Jacksonville FL Maint;Florida;Active;
Puuloa-Oahu;Hawaii;Active;
Fort Adams RI;Rhode Island;Active;
NAVSTA Mayport FL;Florida;Active;
NAS Corpus Christi TX;Texas;Active;
Hurlburt Field;Florida;Active;
Minn-St Paul;Minnesota;Active;
Will Rogers World Airport;Oklahoma;Active;
NG Fort Chaffee MTC;Arkansas;Active;
NG Picacho Aviation TS;Arizona;Active;
NG MTA Camp Edwards;Massachusetts;Active;
NG MTA Camp Fretterd;Maryland;Active;
NALF Goliad;Texas;Active;
Naval Hospital;Florida;Active;
Gambrills;Maryland;Active;
Navy Annex;California;Active;
Potts Tank Farm;Guam;Active;
Keesler AFB;Mississippi;Active;
Shipyard Puget Sound;Washington;Active;
Stinson 5AB Stagefield AL;Alabama;Active;
Dugway Proving Ground;Utah;Active;
US Army Soldier Systems Center Natick;Massachusetts;Active;
Yermo Area;California;Active;
Craney Island;Virginia;Active;
Naval Weapons Station Yorktown;Virginia;Active;
JEBLCFS East;Virginia;Active;
Creech AFB;Nevada;Active;
Malmstrom AFB;Montana;Active;
Minot AFB;North Dakota;Active;
Isabela Puerto Rico;Puerto Rico;Active;
Little Rock AFB;Arkansas;Active;
Bellows;Hawaii;Active;
Jackson IAP Thompson Field;Mississippi;Active;
Otis ANG Base;Massachusetts;Active;
Rickenbacker;Ohio;Active;
Selfridge ANGB;Michigan;Active;
Volk ANGB;Wisconsin;Active;
Duluth IAP;Minnesota;Active;
Toledo/Exp Airport;Ohio;Active;
NG Camp Niantic;Connecticut;Active;
NG MTC-H Camp Roberts;California;Active;
NG St Cloud NG Armory;Minnesota;Active;
NG Baton Rouge AFRC;Louisiana;Active;
NG Camp Grafton;North Dakota;Active;
NG Spring City Readiness Center;Pennsylvania;Active;
NG MTA Gunpowder Military Reservation;Maryland;Active;
NG Sioux Falls Benson Rd Complex;South Dakota;Active;
Pearl City;Hawaii;Active;
Marbo;Guam;Active;
Edwards AFB;California;Active;
Naval Observatory;District of Columbia;Active;
Fort Leonard Wood;Missouri;Active;
Detroit Arsenal;Michigan;Active;
Fort Greely;Alaska;Active;
Cape Cod Air Station;Massachusetts;Active;
Norwalk 2;California;Active;
Atlantic City IAP;New Jersey;Active;
Yeager Airport;West Virginia;Active;
NG Atlanta - Confederate Ave;Georgia;Active;
NG Collegeville FMS 4;Pennsylvania;Active;
NG Buckeye TS;Arizona;Active;
NG Oglethorpe Armory;Georgia;Active;
NG River Road Training Site;Delaware;Active;
NG Edgemeade TS Mtn Home;Idaho;Active;
NG Norman CSMS;Oklahoma;Active;
NG Westminster Training Site;Vermont;Active;
NG VTS Catoosa;Georgia;Active;
NG VTS Smyrna;Tennessee;Active;
NG Saint George/FMS 5B;Utah;Active;
NAF El Centro;California;Active;
OLF Whitehouse;Florida;Active;
Naval Support Activity Orlando;Florida;Active;
Grand Forks AFB;North Dakota;Active;
Ozol Defense Fuel Support Point;California;Active;
Pinon Canyon;Colorado;Active;
Skelly Stagefield AL;Alabama;Active;
Tripler Army Medical Center;Hawaii;Active;
Oak Grove;North Carolina;Active;
JNTEXPBASE Little Creek FS VA;Virginia;Active;
NAVMEDCEN Portsmouth VA;Virginia;Active;
NAVSUPPACT Bethesda MD;Maryland;Active;
Kirtland;New Mexico;Active;
Travis Annex  2;California;Active;
Luis Munoz Marin IAP;Puerto Rico;Active;
Camp Bullis Training Annex;Texas;Active;
NG Duluth NG Armory;Minnesota;Active;
NG General Lucius D Clay National Guard Center;Georgia;Active;
NG Camp Sherman Joint Training Center;Ohio;Active;
NG McNary Field Salem AASF;Oregon;Active;
NG Jackson County AFRC;West Virginia;Active;
NG Havre De Grace Military Res;Maryland;Active;
Target B-19;Nevada;Active;
Port Hueneme;California;Active;
Dixie Target Range;Texas;Active;
Holston AAP;Tennessee;Active;
Cairns Basefield AL;Alabama;Active;
Runkle Stagefield AL;Alabama;Active;
Dillingham Mil Res;Hawaii;Active;
Def Gen Supply Center;Virginia;Active;
Fort Benning AL;Alabama;Active;
Syracuse MCRC;New York;Active;
Tinker Support Annex;Oklahoma;Active;
Fort Fisher Recreation Site;North Carolina;Active;
Barksdale AFB;Louisiana;Active;
Cannon AFB;New Mexico;Active;
Cannon AFB Site 2;New Mexico;Active;
Luke Air Force Auxiliary Field No 1;Arizona;Active;
Gulfport-Biloxi Regional Airport (ANG);Mississippi;Active;
NG Auburn Training Site;Maine;Active;
NG Bangor Training Site;Maine;Active;
NG Santa Fe - Onate Complex TS;New Mexico;Active;
NG TS BBTS;Delaware;Active;
NG Camp Murray;Washington;Active;
NG Williamstown;West Virginia;Active;
NG Camp Mabry;Texas;Active;
NG Mitchell Complex;South Dakota;Active;
Imperial Beach NOLF;California;Active;
NAS Lemoore CA;California;Active;
Harbor Drive;California;Active;
NGA Arnold Site;Missouri;Active;
Nellis AFB;Nevada;Active;
Naval Base Kitsap Bremerton WA;Washington;Active;
Fort Jackson;South Carolina;Active;
Hunt Stagefield AL;Alabama;Active;
Fort De Russy;Hawaii;Active;
Fort Detrick Forest Glen Annex;Maryland;Active;
SDA Area;Virginia;Active;
Redington Township;Maine;Active;
Bratenahl;Ohio;Active;
Charleston AFB;South Carolina;Active;
McEntire Joint National Guard Base;South Carolina;Active;
Schenectady ANG MAP;New York;Active;
Tulsa IAP;Oklahoma;Active;
Hulman Fld;Indiana;Active;
McConnell AFB;Kansas;Active;
NG Grayling Airfield;Michigan;Active;
NG Knightstown;Indiana;Active;
NG Camp Atterbury;Indiana;Active;
NG Rio Rancho TS;New Mexico;Active;
NG Sea Girt NJ NGTC;New Jersey;Active;
NG Floyd Edsall Training Center;Nevada;Active;
NG TS Keaukaha Mil Res;Hawaii;Active;
NOLF Santa Rosa;Florida;Active;
Agana;Guam;Active;
Barrigada - NAVBASE Guam;Guam;Active;
NAVBASE Ventura Cty Point Mugu CA;California;Active;
NAVSUPPFAC Beaufort SC;South Carolina;Active;
Chesapeake Bay Detach;Maryland;Active;
NAVPMOSSP Mtn View;California;Active;
Robins AFB;Georgia;Active;
Fort Leavenworth;Kansas;Active;
England Authority;Louisiana;Active;
MCRD San Diego;California;Active;
NNSY South Gate;Virginia;Active;
Naval Station Great Lakes IL;Illinois;Active;
NAS Kingsville TX;Texas;Active;
Davis Monthan AFB;Arizona;Active;
Fairchild AFB;Washington;Active;
Altus AFB;Oklahoma;Active;
Channel Islands ANG Station;California;Active;
Tucson IAP;Arizona;Active;
Barnes Map (ANG);Massachusetts;Active;
Kelly Field Annex;Texas;Active;
NG Camp Minden Training Site;Louisiana;Active;
NG Camp Bowie (State);Texas;Active;
NG Cumming;Georgia;Active;
Target B-20;Nevada;Active;
Fleming Key Magazine;Florida;Active;
Truman Annex;Florida;Active;
Camp Michael Monsoor;California;Active;
NAVPMOSSP Magna Utah;Utah;Active;
Tumon;Guam;Active;
Kalaeloa;Hawaii;Active;
Keyport NUWC;Washington;Active;
Grant Training Annex;Washington;Active;
West Point Military Reservation;New York;Active;
US Army Adelphi Laboratory Center;Maryland;Active;
Fort Detrick Glen Haven Annex;Maryland;Active;
Dam Neck;Virginia;Active;
ALF Fentress Chesapke;Virginia;Active;
NSWC Carderock;Maryland;Active;
Barrigada - NSA Andersen;Guam;Active;
Los Angeles Air Force Annex No4;California;Active;
Ellsworth AFB;South Dakota;Active;
Boise Air Terminal;Idaho;Active;
Hancock Field;New York;Active;
Montgomery Regional Airport ANGB;Alabama;Active;
Sky Harbor IAP;Arizona;Active;
Dix;New Jersey;Active;
Capital Airport;Illinois;Active;
NG Orchard Mates Boise;Idaho;Active;
NG Bend Cotef;Oregon;Active;
NG VTS Milan;Tennessee;Active;
NG Florence Military Reservation;Arizona;Active;
NG Cambridge Springs;Pennsylvania;Active;
NG Camp Williams Tomah MTA;Wisconsin;Active;
ALF Waldron;Texas;Active;
Holloman AFB;New Mexico;Active;
Bayview Idaho;Idaho;Active;
Fort Sill;Oklahoma;Active;
Red River Army Depot;Texas;Active;
Destin Moreno Point;Florida;Active;
MCSF Blount Island (FL);Florida;Active;
Brooklyn NY;New York;Active;
Northwest Chesapeake VA;Virginia;Active;
Naval Research Lab;District of Columbia;Active;
FLC Fuel Depot Heckscher;Florida;Active;
OLF Bravo;Mississippi;Active;
Eglin Air Force Auxiliary Field 6;Florida;Active;
Fort Eustis;Virginia;Active;
Pittsburgh IAP (ARS);Pennsylvania;Active;
NG MTA Camp Clark Nevada;Missouri;Active;
NG Arden Hills Army Training Site;Minnesota;Active;
NOLF Silverhill;Alabama;Active;
Long Beach Fuel Complex;California;Active;
Stewart Annex;New York;Active;
Joliet USARC/JTA;Illinois;Active;
OLF Bronson;Florida;Active;
Woolmarket (De Soto);Mississippi;Active;
Hanscom AFB;Massachusetts;Active;
Tinker Aerospace Complex;Oklahoma;Active;
USAF Academy Auxiliary Airfield;Colorado;Active;
Joint Base Charleston North Yard;South Carolina;Active;
Charlotte/Douglas IAP;North Carolina;Active;
NG Springfield (TS Cp Lincoln);Illinois;Active;
NG Camp Bowie - Musgrave (Fed);Texas;Active;
NG Camp Maxey;Texas;Active;
NG MTA-L Camp Williams;Utah;Active;
NG AASF Byrd Field;Virginia;Active;
NG Ft Ruger;Hawaii;Active;
Tanguisson Point;Guam;Active;
Dryside;California;Active;
National City;California;Active;
NAVSUPPACT Monterey CA;California;Active;
Los Angeles AFB;California;Active;
NAVSUPPACT Mechanicsburg PA;Pennsylvania;Active;
King Salmon Airport;Alaska;Active;
Sierra Army Depot;California;Active;
Seward Recreation Area;Alaska;Active;
Fallbrook California;California;Active;
NAVBASE Guam; Naval Magazine;Guam;Active
Arbuckle Airfield;Florida;Active;
Dare County Range;North Carolina;Active;
Melrose Air Force Range;New Mexico;Active;
Reno Tahoe IAP;Nevada;Active;
Rosecrans MAP (139AG);Missouri;Active;
Medical Center Annex;Texas;Active;
NG Bismarck RJB Complex;North Dakota;Active;
NG Esler Field;Louisiana;Active;
NG RW Shepherd Hope Hull;Alabama;Active;
NG SMD;Alabama;Active;
NG MTA Camp Curtis Guil;Massachusetts;Active;
NG AASF02 Birmingham;Alabama;Active;
NG Training Site;New Hampshire;Active;
NG Las Cruces;New Mexico;Active;
NG Lincoln AASF/Readiness Center;Nebraska;Active;
NG Lexington AASF No 1;Oklahoma;Active;
CNIC PMRF Barking Sands HI;Hawaii;Active;
Ford Island;Hawaii;Active;
NOLF Holley;Florida;Active;
Tooele Army Depot South;Utah;Active;
Goldberg Stagefield AL;Alabama;Active;
Wheeler Army Airfield;Hawaii;Active;
Milan AAP;Tennessee;Active;
Camp Frank D Merrill;Georgia;Active;
Allegany Ballistics Lab;West Virginia;Active;
Nimitz Hill;Guam;Active;
White Bluff;Washington;Active;
The Barry M Goldwater Air Force Range;Arizona;Active;
NG Hammond Airport;Louisiana;Active;
NG Lane County AFRC FMS 5;Oregon;Active;
NG Bog Brook Training Site;Maine;Active;
San Pedro Fuel Depot;California;Active;
Target 101 Shade Tree;California;Active;
Ramey AF Solar Observatory Research Site;Puerto Rico;Active;
Nellis Air Force Range;Nevada;Active;
